moment,estimate,se,cov12
avg_sales_change,0.0204262514872348,0.017546188828613,5.44973673981408e-05
accept_differential,-0.0216312969025137,0.010543412676411,5.44973673981408e-05
